id,name,model_id:id,group_id:id,perm_read,perm_write,perm_create,perm_unlink
access_factory_fix_user,access.factory.fix.user,model_factory_fix,base.group_user,1,1,1,1
access_factory_fix_manager,access.factory.fix.manager,model_factory_fix,base.group_system,1,1,1,1
access_calibration_template_user,access.calibration.template.user,model_calibration_template,base.group_user,1,1,1,1
access_calibration_template_manager,access.calibration.template.manager,model_calibration_template,base.group_system,1,1,1,1
access_gage_reference_user,access.gage.reference.user,model_gage_reference,base.group_user,1,1,1,1
access_gage_reference_manager,access.gage.reference.manager,model_gage_reference,base.group_system,1,1,1,1
access_user_defined_reference_user,access.user.defined.reference.user,model_user_defined_reference,base.group_user,1,1,1,1
access_user_defined_reference_manager,access.user.defined.reference.manager,model_user_defined_reference,base.group_system,1,1,1,1
access_gage_vendor_user,access.gage.vendor.user,model_gage_vendor,base.group_user,1,1,1,1
access_gage_vendor_manager,access.gage.vendor.manager,model_gage_vendor,base.group_system,1,1,1,1